i1;i2;i3;i4;i5
1;2;3;4;5
1;2;3;4;5
1;2;3;4;5
1;2;3;4;5
1;2;3;4;5
1;2;3;4;5
1;2;3;4;5
1;2;3;4;5
1;2;3;4;5
1;2;3;4;5
1;2;3;4;5
1;2;3;4;5
1;2;3;4;5
1;2;3;4;5
1;2;3;4;5
1;2;3;4;5
1;2;3;4;5
1;2;3;4;5
1;2;3;4;5
1;2;3;4;5
1;2;3;4;5
1;2;3;4;5
1;2;3;4;5
1;2;3;4;5
1;2;3;4;5
1;2;3;4;5
1;2;3;4;5
1;2;3;4;5
1;2;3;4;5
1;2;3;4;5
1;2;3;4;5
1;2;3;4;5
1;2;3;4;5
1;2;3;4;5
1;2;3;4;5
1;2;3;4;5
1;2;3;4;5
1;2;3;4;5
1;2;3;4;5
1;2;3;4;5
1;2;3;4;5
1;2;3;4;5
1;2;3;4;5
1;2;3;4;5
1;2;3;4;5
1;2;3;4;5
1;2;3;4;5
1;2;3;4;5
1;2;3;4;5
1;2;3;4;5
1;2;3;4;5
1;2;3;4;5
1;2;3;4;5
1;2;3;4;5
1;2;3;4;5
1;2;3;4;5
1;2;3;4;5
1;2;3;4;5
1;2;3;4;5
1;2;3;4;5
1;2;3;4;5
1;2;3;4;5
1;2;3;4;5
1;2;3;4;5
1;2;3;4;5
1;2;3;4;5
1;2;3;4;5
1;2;3;4;5
1;2;3;4;5
1;2;3;4;5
1;2;3;4;5
1;2;3;4;5
1;2;3;4;5
1;2;3;4;5
1;2;3;4;5
1;2;3;4;5
1;2;3;4;5
1;2;3;4;5
1;2;3;4;5
1;2;3;4;5
1;2;3;4;5
1;2;3;4;5
1;2;3;4;5
1;2;3;4;5
1;2;3;4;5
1;2;3;4;5
1;2;3;4;5
1;2;3;4;5
1;2;3;4;5
1;2;3;4;5
1;2;3;4;5
1;2;3;4;5
1;2;3;4;5
1;2;3;4;5
1;2;3;4;5
1;2;3;4;5
1;2;3;4;5
1;2;3;4;5
1;2;3;4;5
1;2;3;4;5
1;2;3;4;5
1;2;3;4;5
1;2;3;4;5
1;2;3;4;5
1;2;3;4;5
1;2;3;4;5
1;2;3;4;5
1;2;3;4;5
1;2;3;4;5
1;2;3;4;5
1;2;3;4;5
1;2;3;4;5
1;2;3;4;5
1;2;3;4;5
1;2;3;4;5
1;2;3;4;5
1;2;3;4;5
1;2;3;4;5
1;2;3;4;5
1;2;3;4;5
1;2;3;4;5
1;2;3;4;5
1;2;3;4;5
1;2;3;4;5
1;2;3;4;5
1;2;3;4;5
1;2;3;4;5
1;2;3;4;5
1;2;3;4;5
1;2;3;4;5
1;2;3;4;5
1;2;3;4;5
1;2;3;4;5
1;2;3;4;5
1;2;3;4;5
1;2;3;4;5
1;2;3;4;5
1;2;3;4;5
1;2;3;4;5
1;2;3;4;5
1;2;3;4;5
1;2;3;4;5
1;2;3;4;5
1;2;3;4;5
1;2;3;4;5
1;2;3;4;5
1;2;3;4;5
1;2;3;4;5
1;2;3;4;5
1;2;3;4;5
1;2;3;4;5
1;2;3;4;5
1;2;3;4;5
1;2;3;4;5
1;2;3;4;5
1;2;3;4;5
1;2;3;4;5
1;2;3;4;5
1;2;3;4;5
1;2;3;4;5
1;2;3;4;5
1;2;3;4;5
1;2;3;4;5
1;2;3;4;5
1;2;3;4;5
1;2;3;4;5
1;2;3;4;5
1;2;3;4;5
1;2;3;4;5
1;2;3;4;5
1;2;3;4;5
1;2;3;4;5
1;2;3;4;5
1;2;3;4;5
1;2;3;4;5
1;2;3;4;5
1;2;3;4;5
1;2;3;4;5
1;2;3;4;5
1;2;3;4;5
1;2;3;4;5
1;2;3;4;5
1;2;3;4;5
1;2;3;4;5
1;2;3;4;5
1;2;3;4;5
1;2;3;4;5
1;2;3;4;5
1;2;3;4;5
1;2;3;4;5
1;2;3;4;5
1;2;3;4;5
1;2;3;4;5
1;2;3;4;5
1;2;3;4;5
1;2;3;4;5
1;2;3;4;5
1;2;3;4;5
1;2;3;4;5
1;2;3;4;5
1;2;3;4;5
1;2;3;4;5
1;2;3;4;5
1;2;3;4;5
1;2;3;4;5
1;2;3;4;5
1;2;3;4;5
1;2;3;4;5
1;2;3;4;5
1;2;3;4;5
1;2;3;4;5
1;2;3;4;5
1;2;3;4;5
1;2;3;4;5
1;2;3;4;5
1;2;3;4;5
1;2;3;4;5
1;2;3;4;5
1;2;3;4;5
1;2;3;4;5
1;2;3;4;5
1;2;3;4;5
1;2;3;4;5
1;2;3;4;5
1;2;3;4;5
1;2;3;4;5
1;2;3;4;5
1;2;3;4;5
1;2;3;4;5
1;2;3;4;5
1;2;3;4;5
1;2;3;4;5
1;2;3;4;5
1;2;3;4;5
1;2;3;4;5
1;2;3;4;5
1;2;3;4;5
1;2;3;4;5
1;2;3;4;5
1;2;3;4;5
1;2;3;4;5
1;2;3;4;5
1;2;3;4;5
1;2;3;4;5
1;2;3;4;5
1;2;3;4;5
1;2;3;4;5
1;2;3;4;5
1;2;3;4;5
1;2;3;4;5
1;2;3;4;5
1;2;3;4;5
1;2;3;4;5
1;2;3;4;5
1;2;3;4;5
1;2;3;4;5
1;2;3;4;5
1;2;3;4;5
1;2;3;4;5
1;2;3;4;5
1;2;3;4;5
1;2;3;4;5
1;2;3;4;5
1;2;3;4;5
1;2;3;4;5
1;2;3;4;5
1;2;3;4;5
1;2;3;4;5
1;2;3;4;5
1;2;3;4;5
1;2;3;4;5
1;2;3;4;5
1;2;3;4;5
1;2;3;4;5
1;2;3;4;5
1;2;3;4;5
1;2;3;4;5
1;2;3;4;5
1;2;3;4;5
1;2;3;4;5
1;2;3;4;5
1;2;3;4;5
1;2;3;4;5
1;2;3;4;5
1;2;3;4;5
1;2;3;4;5
1;2;3;4;5
1;2;3;4;5
1;2;3;4;5
1;2;3;4;5
1;2;3;4;5
1;2;3;4;5
1;2;3;4;5
1;2;3;4;5
1;2;3;4;5
1;2;3;4;5
1;2;3;4;5
1;2;3;4;5
1;2;3;4;5
1;2;3;4;5
1;2;3;4;5
1;2;3;4;5
1;2;3;4;5
1;2;3;4;5
1;2;3;4;5
1;2;3;4;5
1;2;3;4;5
1;2;3;4;5
1;2;3;4;5
1;2;3;4;5
1;2;3;4;5
1;2;3;4;5
1;2;3;4;5
1;2;3;4;5
1;2;3;4;5
1;2;3;4;5
1;2;3;4;5
1;2;3;4;5
1;2;3;4;5
1;2;3;4;5
1;2;3;4;5
1;2;3;4;5
1;2;3;4;5
1;2;3;4;5
1;2;3;4;5
1;2;3;4;5
1;2;3;4;5
1;2;3;4;5
1;2;3;4;5
1;2;3;4;5
1;2;3;4;5
1;2;3;4;5
1;2;3;4;5
1;2;3;4;5
1;2;3;4;5
1;2;3;4;5
1;2;3;4;5
1;2;3;4;5
1;2;3;4;5
1;2;3;4;5
1;2;3;4;5
1;2;3;4;5
1;2;3;4;5
1;2;3;4;5
1;2;3;4;5
1;2;3;4;5
1;2;3;4;5
1;2;3;4;5
1;2;3;4;5
1;2;3;4;5
1;2;3;4;5
1;2;3;4;5
1;2;3;4;5
1;2;3;4;5
1;2;3;4;5
1;2;3;4;5
1;2;3;4;5
1;2;3;4;5
1;2;3;4;5
1;2;3;4;5
1;2;3;4;5
1;2;3;4;5
1;2;3;4;5
1;2;3;4;5
1;2;3;4;5
1;2;3;4;5
1;2;3;4;5
1;2;3;4;5
1;2;3;4;5
1;2;3;4;5
1;2;3;4;5
1;2;3;4;5
1;2;3;4;5
1;2;3;4;5
1;2;3;4;5
1;2;3;4;5
1;2;3;4;5
1;2;3;4;5
1;2;3;4;5
1;2;3;4;5
1;2;3;4;5
1;2;3;4;5
1;2;3;4;5
1;2;3;4;5
1;2;3;4;5
1;2;3;4;5
1;2;3;4;5
1;2;3;4;5
1;2;3;4;5
1;2;3;4;5
1;2;3;4;5
1;2;3;4;5
1;2;3;4;5
1;2;3;4;5
1;2;3;4;5
1;2;3;4;5
1;2;3;4;5
1;2;3;4;5
1;2;3;4;5
1;2;3;4;5
1;2;3;4;5
1;2;3;4;5
1;2;3;4;5
1;2;3;4;5
1;2;3;4;5
1;2;3;4;5
1;2;3;4;5
1;2;3;4;5
1;2;3;4;5
1;2;3;4;5
1;2;3;4;5
1;2;3;4;5
1;2;3;4;5
1;2;3;4;5
1;2;3;4;5
1;2;3;4;5
1;2;3;4;5
1;2;3;4;5
1;2;3;4;5
1;2;3;4;5
1;2;3;4;5
1;2;3;4;5
1;2;3;4;5
1;2;3;4;5
1;2;3;4;5
1;2;3;4;5
1;2;3;4;5
1;2;3;4;5
1;2;3;4;5
1;2;3;4;5
1;2;3;4;5
1;2;3;4;5
1;2;3;4;5
1;2;3;4;5
1;2;3;4;5
1;2;3;4;5
1;2;3;4;5
1;2;3;4;5
1;2;3;4;5
1;2;3;4;5
1;2;3;4;5
1;2;3;4;5
1;2;3;4;5
1;2;3;4;5
1;2;3;4;5
1;2;3;4;5
1;2;3;4;5
1;2;3;4;5
1;2;3;4;5
1;2;3;4;5
1;2;3;4;5
1;2;3;4;5
1;2;3;4;5
1;2;3;4;5
1;2;3;4;5
1;2;3;4;5
1;2;3;4;5
1;2;3;4;5
1;2;3;4;5
1;2;3;4;5
1;2;3;4;5
1;2;3;4;5
1;2;3;4;5
1;2;3;4;5
1;2;3;4;5
1;2;3;4;5
1;2;3;4;5
1;2;3;4;5
1;2;3;4;5
1;2;3;4;5
1;2;3;4;5
1;2;3;4;5
1;2;3;4;5
1;2;3;4;5
1;2;3;4;5
1;2;3;4;5
1;2;3;4;5
1;2;3;4;5
1;2;3;4;5
1;2;3;4;5
1;2;3;4;5
1;2;3;4;5
1;2;3;4;5
1;2;3;4;5
1;2;3;4;5
1;2;3;4;5
1;2;3;4;5
1;2;3;4;5
1;2;3;4;5
1;2;3;4;5
1;2;3;4;5
1;2;3;4;5
1;2;3;4;5
1;2;3;4;5
1;2;3;4;5
1;2;3;4;5
1;2;3;4;5
1;2;3;4;5
1;2;3;4;5
1;2;3;4;5
1;2;3;4;5
1;2;3;4;5
1;2;3;4;5
1;2;3;4;5
1;2;3;4;5
1;2;3;4;5
1;2;3;4;5
1;2;3;4;5
1;2;3;4;5
1;2;3;4;5
1;2;3;4;5
1;2;3;4;5
1;2;3;4;5
1;2;3;4;5
1;2;3;4;5
1;2;3;4;5
1;2;3;4;5
1;2;3;4;5
1;2;3;4;5
1;2;3;4;5
1;2;3;4;5
1;2;3;4;5
1;2;3;4;5
1;2;3;4;5
1;2;3;4;5
1;2;3;4;5
1;2;3;4;5
1;2;3;4;5
1;2;3;4;5
1;2;3;4;5
1;2;3;4;5
1;2;3;4;5
1;2;3;4;5
1;2;3;4;5
1;2;3;4;5
1;2;3;4;5
1;2;3;4;5
1;2;3;4;5
1;2;3;4;5
1;2;3;4;5
1;2;3;4;5
1;2;3;4;5
1;2;3;4;5
1;2;3;4;5
1;2;3;4;5
1;2;3;4;5
1;2;3;4;5
1;2;3;4;5
1;2;3;4;5
1;2;3;4;5
1;2;3;4;5
1;2;3;4;5
1;2;3;4;5
1;2;3;4;5
1;2;3;4;5
1;2;3;4;5
1;2;3;4;5
1;2;3;4;5
1;2;3;4;5
1;2;3;4;5
1;2;3;4;5
1;2;3;4;5
1;2;3;4;5
1;2;3;4;5
1;2;3;4;5
1;2;3;4;5
1;2;3;4;5
1;2;3;4;5
1;2;3;4;5
1;2;3;4;5
1;2;3;4;5
1;2;3;4;5
1;2;3;4;5
1;2;3;4;5
1;2;3;4;5
1;2;3;4;5
1;2;3;4;5
1;2;3;4;5
1;2;3;4;5
1;2;3;4;5
1;2;3;4;5
1;2;3;4;5
1;2;3;4;5
1;2;3;4;5
1;2;3;4;5
1;2;3;4;5
1;2;3;4;5
1;2;3;4;5
1;2;3;4;5
1;2;3;4;5
1;2;3;4;5
1;2;3;4;5
1;2;3;4;5
1;2;3;4;5
1;2;3;4;5
1;2;3;4;5
1;2;3;4;5
1;2;3;4;5
1;2;3;4;5
1;2;3;4;5
1;2;3;4;5
1;2;3;4;5
1;2;3;4;5
1;2;3;4;5
1;2;3;4;5
1;2;3;4;5
1;2;3;4;5
1;2;3;4;5
1;2;3;4;5
1;2;3;4;5
1;2;3;4;5
1;2;3;4;5
1;2;3;4;5
1;2;3;4;5
1;2;3;4;5
1;2;3;4;5
1;2;3;4;5
1;2;3;4;5
1;2;3;4;5
1;2;3;4;5
1;2;3;4;5
1;2;3;4;5
1;2;3;4;5
1;2;3;4;5
1;2;3;4;5
1;2;3;4;5
1;2;3;4;5
1;2;3;4;5
1;2;3;4;5
1;2;3;4;5
1;2;3;4;5
1;2;3;4;5
1;2;3;4;5
1;2;3;4;5
1;2;3;4;5
1;2;3;4;5
1;2;3;4;5
1;2;3;4;5
1;2;3;4;5
1;2;3;4;5
1;2;3;4;5
1;2;3;4;5
1;2;3;4;5
1;2;3;4;5
1;2;3;4;5
1;2;3;4;5
1;2;3;4;5
1;2;3;4;5
1;2;3;4;5
1;2;3;4;5
1;2;3;4;5
1;2;3;4;5
1;2;3;4;5
1;2;3;4;5
1;2;3;4;5
1;2;3;4;5
1;2;3;4;5
1;2;3;4;5
1;2;3;4;5
1;2;3;4;5
1;2;3;4;5
1;2;3;4;5
1;2;3;4;5
1;2;3;4;5
1;2;3;4;5
1;2;3;4;5
1;2;3;4;5
1;2;3;4;5
1;2;3;4;5
1;2;3;4;5
1;2;3;4;5
1;2;3;4;5
1;2;3;4;5
1;2;3;4;5
1;2;3;4;5
1;2;3;4;5
1;2;3;4;5
1;2;3;4;5
1;2;3;4;5
1;2;3;4;5
1;2;3;4;5
1;2;3;4;5
1;2;3;4;5
1;2;3;4;5
1;2;3;4;5
1;2;3;4;5
1;2;3;4;5
1;2;3;4;5
1;2;3;4;5
1;2;3;4;5
1;2;3;4;5
1;2;3;4;5
1;2;3;4;5
1;2;3;4;5
1;2;3;4;5
1;2;3;4;5
1;2;3;4;5
1;2;3;4;5
1;2;3;4;5
1;2;3;4;5
1;2;3;4;5
1;2;3;4;5
1;2;3;4;5
1;2;3;4;5
1;2;3;4;5
1;2;3;4;5
1;2;3;4;5
1;2;3;4;5
1;2;3;4;5
1;2;3;4;5
1;2;3;4;5
1;2;3;4;5
1;2;3;4;5
1;2;3;4;5
1;2;3;4;5
1;2;3;4;5
1;2;3;4;5
1;2;3;4;5
1;2;3;4;5
1;2;3;4;5
1;2;3;4;5
1;2;3;4;5
1;2;3;4;5
1;2;3;4;5
1;2;3;4;5
1;2;3;4;5
1;2;3;4;5
1;2;3;4;5
1;2;3;4;5
1;2;3;4;5
1;2;3;4;5
1;2;3;4;5
1;2;3;4;5
1;2;3;4;5
1;2;3;4;5
1;2;3;4;5
1;2;3;4;5
1;2;3;4;5
1;2;3;4;5
1;2;3;4;5
1;2;3;4;5
1;2;3;4;5
1;2;3;4;5
1;2;3;4;5
1;2;3;4;5
1;2;3;4;5
1;2;3;4;5
1;2;3;4;5
1;2;3;4;5
1;2;3;4;5
1;2;3;4;5
1;2;3;4;5
1;2;3;4;5
1;2;3;4;5
1;2;3;4;5
1;2;3;4;5
1;2;3;4;5
1;2;3;4;5
1;2;3;4;5
1;2;3;4;5
1;2;3;4;5
1;2;3;4;5
1;2;3;4;5
1;2;3;4;5
1;2;3;4;5
1;2;3;4;5
1;2;3;4;5
1;2;3;4;5
1;2;3;4;5
1;2;3;4;5
1;2;3;4;5
1;2;3;4;5
1;2;3;4;5
1;2;3;4;5
1;2;3;4;5
1;2;3;4;5
1;2;3;4;5
1;2;3;4;5
1;2;3;4;5
1;2;3;4;5
1;2;3;4;5
1;2;3;4;5
1;2;3;4;5
1;2;3;4;5
1;2;3;4;5
1;2;3;4;5
1;2;3;4;5
1;2;3;4;5
1;2;3;4;5
1;2;3;4;5
1;2;3;4;5
1;2;3;4;5
1;2;3;4;5
1;2;3;4;5
1;2;3;4;5
1;2;3;4;5
1;2;3;4;5
1;2;3;4;5
1;2;3;4;5
1;2;3;4;5
1;2;3;4;5
1;2;3;4;5
1;2;3;4;5
1;2;3;4;5
1;2;3;4;5
1;2;3;4;5
1;2;3;4;5
1;2;3;4;5
1;2;3;4;5
1;2;3;4;5
1;2;3;4;5
1;2;3;4;5
1;2;3;4;5
1;2;3;4;5
1;2;3;4;5
1;2;3;4;5
1;2;3;4;5
1;2;3;4;5
1;2;3;4;5
1;2;3;4;5
1;2;3;4;5
1;2;3;4;5
1;2;3;4;5
1;2;3;4;5
1;2;3;4;5
1;2;3;4;5
1;2;3;4;5
1;2;3;4;5
1;2;3;4;5
1;2;3;4;5
1;2;3;4;5
1;2;3;4;5
1;2;3;4;5
1;2;3;4;5
1;2;3;4;5
1;2;3;4;5
1;2;3;4;5
1;2;3;4;5
1;2;3;4;5
1;2;3;4;5
1;2;3;4;5
1;2;3;4;5
1;2;3;4;5
1;2;3;4;5
1;2;3;4;5
1;2;3;4;5
1;2;3;4;5
1;2;3;4;5
1;2;3;4;5
1;2;3;4;5
1;2;3;4;5
1;2;3;4;5
1;2;3;4;5
1;2;3;4;5
1;2;3;4;5
1;2;3;4;5
1;2;3;4;5
1;2;3;4;5
1;2;3;4;5
1;2;3;4;5
1;2;3;4;5
1;2;3;4;5
1;2;3;4;5
1;2;3;4;5
1;2;3;4;5
1;2;3;4;5
1;2;3;4;5
1;2;3;4;5
1;2;3;4;5
1;2;3;4;5
1;2;3;4;5
1;2;3;4;5
1;2;3;4;5
1;2;3;4;5
1;2;3;4;5
1;2;3;4;5
1;2;3;4;5
1;2;3;4;5
1;2;3;4;5
1;2;3;4;5
1;2;3;4;5
1;2;3;4;5
1;2;3;4;5
1;2;3;4;5
1;2;3;4;5
1;2;3;4;5
1;2;3;4;5
1;2;3;4;5
1;2;3;4;5
1;2;3;4;5
1;2;3;4;5
1;2;3;4;5
1;2;3;4;5
1;2;3;4;5
1;2;3;4;5
1;2;3;4;5
1;2;3;4;5
1;2;3;4;5
1;2;3;4;5
1;2;3;4;5
1;2;3;4;5
1;2;3;4;5
1;2;3;4;5
1;2;3;4;5
1;2;3;4;5
1;2;3;4;5
1;2;3;4;5
1;2;3;4;5
1;2;3;4;5
1;2;3;4;5
1;2;3;4;5
1;2;3;4;5
1;2;3;4;5
1;2;3;4;5
1;2;3;4;5
1;2;3;4;5
1;2;3;4;5
1;2;3;4;5
1;2;3;4;5
1;2;3;4;5
1;2;3;4;5
1;2;3;4;5
1;2;3;4;5
1;2;3;4;5
1;2;3;4;5
1;2;3;4;5
1;2;3;4;5
1;2;3;4;5
1;2;3;4;5
1;2;3;4;5
1;2;3;4;5
1;2;3;4;5
1;2;3;4;5
1;2;3;4;5
1;2;3;4;5
1;2;3;4;5
1;2;3;4;5
1;2;3;4;5
1;2;3;4;5
1;2;3;4;5
1;2;3;4;5
1;2;3;4;5
1;2;3;4;5
1;2;3;4;5
1;2;3;4;5
1;2;3;4;5
1;2;3;4;5
1;2;3;4;5
1;2;3;4;5
1;2;3;4;5
1;2;3;4;5
1;2;3;4;5
1;2;3;4;5
1;2;3;4;5
1;2;3;4;5
1;2;3;4;5
1;2;3;4;5
1;2;3;4;5
1;2;3;4;5
1;2;3;4;5
1;2;3;4;5
1;2;3;4;5
1;2;3;4;5
1;2;3;4;5
1;2;3;4;5
1;2;3;4;5
1;2;3;4;5
1;2;3;4;5
1;2;3;4;5
1;2;3;4;5
1;2;3;4;5
1;2;3;4;5
1;2;3;4;5
1;2;3;4;5
1;2;3;4;5
1;2;3;4;5
1;2;3;4;5
1;2;3;4;5
1;2;3;4;5
1;2;3;4;5
1;2;3;4;5
1;2;3;4;5
1;2;3;4;5
1;2;3;4;5
1;2;3;4;5
1;2;3;4;5
1;2;3;4;5
1;2;3;4;5
1;2;3;4;5
1;2;3;4;5
1;2;3;4;5
1;2;3;4;5
1;2;3;4;5
1;2;3;4;5
1;2;3;4;5
1;2;3;4;5
1;2;3;4;5
1;2;3;4;5
1;2;3;4;5
1;2;3;4;5
